{
    "providers": [

      {
        "type": "bitmap",
        "file": "minecraft:block/granite.png",
        "height": 9,"ascent": 8,"chars": ["1"]
      },
      {
        "type": "bitmap",
        "file": "minecraft:block/diorite.png",
        "height": 9,"ascent": 8,"chars": ["2"]
      },
      {
        "type": "bitmap",
        "file": "minecraft:block/andesite.png",
        "height": 9,"ascent": 8,"chars": ["3"]
      },
      {
        "type": "bitmap",
        "file": "minecraft:block/calcite.png",
        "height": 9,"ascent": 8,"chars": ["4"]
      },
      {
        "type": "bitmap",
        "file": "minecraft:block/tuff.png",
        "height": 9,"ascent": 8,"chars": ["5"]
      },
      {
        "type": "bitmap",
        "file": "minecraft:block/dripstone_block.png",
        "height": 9,"ascent": 8,"chars": ["6"]
      },
      {
        "type": "bitmap",
        "file": "minecraft:block/moss_block.png",
        "height": 9,"ascent": 8,"chars": ["7"]
      },
      {
        "type": "bitmap",
        "file": "minecraft:block/mud.png",
        "height": 9,"ascent": 8,"chars": ["8"]
      },
      {
        "type": "bitmap",
        "file": "minecraft:block/packed_ice.png",
        "height": 9,"ascent": 8,"chars": ["0"]
      },
      {
        "type": "bitmap",
        "file": "minecraft:block/nether_wart_block.png",
        "height": 9,"ascent": 8,"chars": ["b"]
      },
      {
        "type": "bitmap",
        "file": "minecraft:block/warped_wart_block.png",
        "height": 9,"ascent": 8,"chars": ["c"]
      },
      {
        "type": "bitmap",
        "file": "minecraft:item/prismarine_shard.png",
        "height": 9,"ascent": 8,"chars": ["d"]
      },
      {
        "type": "bitmap",
        "file": "minecraft:item/prismarine_crystals.png",
        "height": 9,"ascent": 8,"chars": ["e"]
      },
      {
        "type": "bitmap",
        "file": "minecraft:item/clay_ball.png",
        "height": 9,"ascent": 8,"chars": ["f"]
      },
      {
        "type": "bitmap",
        "file": "minecraft:item/flint.png",
        "height": 9,"ascent": 8,"chars": ["g"]
      },
      {
        "type": "bitmap",
        "file": "minecraft:item/snowball.png",
        "height": 9,"ascent": 8,"chars": ["h"]
      },
      {
        "type": "bitmap",
        "file": "minecraft:item/paper.png",
        "height": 9,"ascent": 8,"chars": ["i"]
      },
      {
        "type": "bitmap",
        "file": "minecraft:item/nether_brick.png",
        "height": 9,"ascent": 8,"chars": ["j"]
      },
      {
        "type": "bitmap",
        "file": "minecraft:item/glowstone_dust.png",
        "height": 9,"ascent": 8,"chars": ["k"]
      },
      {
        "type": "bitmap",
        "file": "minecraft:item/echo_shard.png",
        "height": 9,"ascent": 8,"chars": ["l"]
      },
      {
        "type": "bitmap",
        "file": "minecraft:item/amethyst_shard.png",
        "height": 9,"ascent": 8,"chars": ["m"]
      },
      {
        "type": "bitmap",
        "file": "minecraft:item/rotten_flesh.png",
        "height": 9,"ascent": 8,"chars": ["n"]
      },
      {
        "type": "bitmap",
        "file": "minecraft:item/spider_eye.png",
        "height": 12,"ascent": 10,"chars": ["o"]
      },
      {
        "type": "bitmap",
        "file": "minecraft:item/feather.png",
        "height": 9,"ascent": 8,"chars": ["p"]
      },
      {
        "type": "bitmap",
        "file": "minecraft:item/string.png",
        "height": 9,"ascent": 8,"chars": ["q"]
      },
      {
        "type": "bitmap",
        "file": "minecraft:item/honey_bottle.png",
        "height": 9,"ascent": 8,"chars": ["r"]
      },
      {
        "type": "bitmap",
        "file": "minecraft:item/honeycomb.png",
        "height": 9,"ascent": 8,"chars": ["s"]
      },
      {
        "type": "bitmap",
        "file": "minecraft:item/egg.png",
        "height": 10,"ascent": 10,"chars": ["t"]
      },
      {
        "type": "bitmap",
        "file": "minecraft:item/cookie.png",
        "height": 9,"ascent": 8,"chars": ["u"]
      },
      {
        "type": "bitmap",
        "file": "minecraft:item/blaze_powder.png",
        "height": 9,"ascent": 8,"chars": ["v"]
      },
      {
        "type": "bitmap",
        "file": "minecraft:item/fire_charge.png",
        "height": 9,"ascent": 8,"chars": ["w"]
      },
      {
        "type": "bitmap",
        "file": "minecraft:item/quartz.png",
        "height": 9,"ascent": 8,"chars": ["x"]
      },
      {
        "type": "bitmap",
        "file": "minecraft:item/phantom_membrane.png",
        "height": 9,"ascent": 8,"chars": ["y"]
      },
      {
        "type": "bitmap",
        "file": "minecraft:block/oak_sapling.png",
        "height": 9,"ascent": 8,"chars": ["z"]
      },
      {
        "type": "bitmap",
        "file": "minecraft:block/spruce_sapling.png",
        "height": 9,"ascent": 8,"chars": ["A"]
      },
      {
        "type": "bitmap",
        "file": "minecraft:block/birch_sapling.png",
        "height": 9,"ascent": 8,"chars": ["B"]
      },
      {
        "type": "bitmap",
        "file": "minecraft:block/jungle_sapling.png",
        "height": 9,"ascent": 8,"chars": ["C"]
      },
      {
        "type": "bitmap",
        "file": "minecraft:block/acacia_sapling.png",
        "height": 9,"ascent": 8,"chars": ["D"]
      },
      {
        "type": "bitmap",
        "file": "minecraft:block/dark_oak_sapling.png",
        "height": 9,"ascent": 8,"chars": ["E"]
      },
      {
        "type": "bitmap",
        "file": "minecraft:item/mangrove_propagule.png",
        "height": 9,"ascent": 8,"chars": ["F"]
      },
      {
        "type": "bitmap",
        "file": "minecraft:block/poppy.png",
        "height": 9,"ascent": 8,"chars": ["G"]
      },
      {
        "type": "bitmap",
        "file": "minecraft:block/dandelion.png",
        "height": 9,"ascent": 8,"chars": ["H"]
      },
      {
        "type": "bitmap",
        "file": "minecraft:block/azure_bluet.png",
        "height": 9,"ascent": 8,"chars": ["I"]
      },
      {
        "type": "bitmap",
        "file": "minecraft:block/white_tulip.png",
        "height": 9,"ascent": 8,"chars": ["J"]
      },
      {
        "type": "bitmap",
        "file": "minecraft:block/pink_tulip.png",
        "height": 9,"ascent": 8,"chars": ["K"]
      },
      {
        "type": "bitmap",
        "file": "minecraft:block/orange_tulip.png",
        "height": 9,"ascent": 8,"chars": ["L"]
      },
      {
        "type": "bitmap",
        "file": "minecraft:block/red_tulip.png",
        "height": 9,"ascent": 8,"chars": ["M"]
      },
      {
        "type": "bitmap",
        "file": "minecraft:block/lily_of_the_valley.png",
        "height": 9,"ascent": 8,"chars": ["N"]
      },
      {
        "type": "bitmap",
        "file": "minecraft:block/oxeye_daisy.png",
        "height": 9,"ascent": 8,"chars": ["O"]
      },
      {
        "type": "bitmap",
        "file": "minecraft:block/sunflower_front.png",
        "height": 9,"ascent": 8,"chars": ["P"]
      },
      {
        "type": "bitmap",
        "file": "minecraft:block/lilac_top.png",
        "height": 9,"ascent": 8,"chars": ["Q"]
      },
      {
        "type": "bitmap",
        "file": "minecraft:block/rose_bush_top.png",
        "height": 9,"ascent": 8,"chars": ["R"]
      },
      {
        "type": "bitmap",
        "file": "minecraft:block/peony_top.png",
        "height": 9,"ascent": 8,"chars": ["S"]
      },
      {
        "type": "bitmap",
        "file": "minecraft:block/fern.png",
        "height": 9,"ascent": 8,"chars": ["T"]
      },
      {
        "type": "bitmap",
        "file": "minecraft:block/short_grass.png",
        "height": 9,"ascent": 8,"chars": ["U"]
      },
      {
        "type": "bitmap",
        "file": "minecraft:block/vine.png",
        "height": 9,"ascent": 8,"chars": ["V"]
      },
      {
        "type": "bitmap",
        "file": "minecraft:block/lily_pad.png",
        "height": 9,"ascent": 8,"chars": ["W"]
      },
      {
        "type": "bitmap",
        "file": "minecraft:block/cactus_side.png",
        "height": 9,"ascent": 8,"chars": ["X"]
      },
      {
        "type": "bitmap",
        "file": "minecraft:item/sugar_cane.png",
        "height": 9,"ascent": 8,"chars": ["Y"]
      },
      {
        "type": "bitmap",
        "file": "minecraft:item/kelp.png",
        "height": 9,"ascent": 8,"chars": ["Z"]
      },
      {
        "type": "bitmap",
        "file": "minecraft:item/bamboo.png",
        "height": 9,"ascent": 8,"chars": ["`"]
      },
      {
        "type": "bitmap",
        "file": "minecraft:block/red_mushroom.png",
        "height": 10,"ascent": 10,"chars": ["~"]
      },
      {
        "type": "bitmap",
        "file": "minecraft:block/brown_mushroom.png",
        "height": 10,"ascent": 10,"chars": ["!"]
      },
      {
        "type": "bitmap",
        "file": "minecraft:block/warped_fungus.png",
        "height": 9,"ascent": 8,"chars": ["@"]
      },
      {
        "type": "bitmap",
        "file": "minecraft:block/warped_roots.png",
        "height": 9,"ascent": 8,"chars": ["#"]
      },
      {
        "type": "bitmap",
        "file": "minecraft:block/twisting_vines_plant.png",
        "height": 9,"ascent": 8,"chars": ["$"]
      },
      {
        "type": "bitmap",
        "file": "minecraft:block/crimson_fungus.png",
        "height": 9,"ascent": 8,"chars": ["%"]
      },
      {
        "type": "bitmap",
        "file": "minecraft:block/crimson_roots.png",
        "height": 9,"ascent": 8,"chars": ["^"]
      },
      {
        "type": "bitmap",
        "file": "minecraft:block/weeping_vines_plant.png",
        "height": 9,"ascent": 8,"chars": ["&"]
      },
      {
        "type": "bitmap",
        "file": "minecraft:block/tube_coral.png",
        "height": 9,"ascent": 8,"chars": ["*"]
      },
      {
        "type": "bitmap",
        "file": "minecraft:block/brain_coral.png",
        "height": 9,"ascent": 8,"chars": ["("]
      },
      {
        "type": "bitmap",
        "file": "minecraft:block/bubble_coral.png",
        "height": 9,"ascent": 8,"chars": [")"]
      },
      {
        "type": "bitmap",
        "file": "minecraft:block/fire_coral.png",
        "height": 9,"ascent": 8,"chars": ["-"]
      },
      {
        "type": "bitmap",
        "file": "minecraft:block/horn_coral.png",
        "height": 9,"ascent": 8,"chars": ["_"]
      },
      {
        "type": "bitmap",
        "file": "minecraft:item/sweet_berries.png",
        "height": 9,"ascent": 8,"chars": ["="]
      },
      {
        "type": "bitmap",
        "file": "minecraft:item/glow_berries.png",
        "height": 9,"ascent": 8,"chars": ["+"]
      },
      {
        "type": "bitmap",
        "file": "minecraft:item/beetroot.png",
        "height": 9,"ascent": 8,"chars": ["|"]
      },
      {
        "type": "bitmap",
        "file": "minecraft:item/carrot.png",
        "height": 9,"ascent": 8,"chars": ["["]
      },
      {
        "type": "bitmap",
        "file": "minecraft:item/potato.png",
        "height": 9,"ascent": 8,"chars": ["]"]
      },
      {
        "type": "bitmap",
        "file": "minecraft:item/poisonous_potato.png",
        "height": 9,"ascent": 8,"chars": ["{"]
      },
      {
        "type": "bitmap",
        "file": "minecraft:item/melon_slice.png",
        "height": 9,"ascent": 8,"chars": ["}"]
      },
      {
        "type": "bitmap",
        "file": "minecraft:item/wheat.png",
        "height": 9,"ascent": 8,"chars": [";"]
      },
      {
        "type": "bitmap",
        "file": "minecraft:item/nether_wart.png",
        "height": 9,"ascent": 8,"chars": [":"]
      },
      {
        "type": "bitmap",
        "file": "minecraft:item/chorus_fruit.png",
        "height": 9,"ascent": 8,"chars": [","]
      }
    ]
  }