{
    "providers": [
        {
            "type": "bitmap",
            "file": "minecraft:item/tele_scroll_inactive.png",
            "height": 9,"ascent": 8,"chars": ["T"]
          },
          {
            "type": "bitmap",
            "file": "minecraft:item/baby_scroll.png",
            "height": 9,"ascent": 8,"chars": ["0"]
          },
          {
            "type": "bitmap",
            "file": "minecraft:item/gravity_scroll.png",
            "height": 9,"ascent": 8,"chars": ["1"]
          },
          {
            "type": "bitmap",
            "file": "minecraft:item/noai_scroll.png",
            "height": 9,"ascent": 8,"chars": ["2"]
          },
          {
            "type": "bitmap",
            "file": "minecraft:item/pickup_scroll.png",
            "height": 9,"ascent": 8,"chars": ["3"]
          },
          {
            "type": "bitmap",
            "file": "minecraft:item/silent_scroll.png",
            "height": 9,"ascent": 8,"chars": ["4"]
          },
          {
            "type": "bitmap",
            "file": "minecraft:item/baby_scroll.png",
            "height": 9,"ascent": 8,"chars": ["5"]
          },
          {
            "type": "bitmap",
            "file": "minecraft:item/hate_scroll.png",
            "height": 9,"ascent": 8,"chars": ["6"]
          },
          {
            "type": "bitmap",
            "file": "minecraft:item/levitate_scroll.png",
            "height": 9,"ascent": 8,"chars": ["7"]
          },
          {
            "type": "bitmap",
            "file": "minecraft:item/love_scroll.png",
            "height": 9,"ascent": 8,"chars": ["8"]
          },
          {
            "type": "bitmap",
            "file": "minecraft:item/sad_scroll.png",
            "height": 9,"ascent": 8,"chars": ["9"]
          },
          {
            "type": "bitmap",
            "file": "minecraft:item/mine_spawner.png",
            "height": 12,"ascent": 10,"chars": ["!"]
          }
    ]
}
