{
    "providers": [
      {
        "type": "bitmap",
        "file": "minecraft:item/diamond.png",
        "height": 11,"ascent": 10,"chars": ["D"]
      },
      {
        "type": "bitmap",
        "file": "minecraft:item/emerald.png",
        "height": 12,"ascent": 10,"chars": ["E"]
      },
      {
        "type": "bitmap",
        "file": "minecraft:item/gold_ingot.png",
        "height": 12,"ascent": 10,"chars": ["G"]
      },
      {
        "type": "bitmap",
        "file": "minecraft:item/nautilus_shell.png",
        "height": 9,"ascent": 8,"chars": ["S"]
      },
      {
        "type": "bitmap",
        "file": "side_quest:item/xp_orbs.png",
        "height": 9,"ascent": 8,"chars": ["X"]
      },
      {
        "type": "bitmap",
        "file": "minecraft:item/golden_apple.png",
        "height": 9,"ascent": 8,"chars": ["0"]
      },
      {
        "type": "bitmap",
        "file": "minecraft:item/lapis_lazuli.png",
        "height": 9,"ascent": 8,"chars": ["1"]
      },
      {
        "type": "bitmap",
        "file": "minecraft:item/amethyst_shard.png",
        "height": 9,"ascent": 8,"chars": ["2"]
      },
      {
        "type": "bitmap",
        "file": "minecraft:item/copper_ingot.png",
        "height": 9,"ascent": 8,"chars": ["3"]
      },
      {
        "type": "bitmap",
        "file": "minecraft:item/ender_pearl.png",
        "height": 9,"ascent": 8,"chars": ["4"]
      },
      {
        "type": "bitmap",
        "file": "minecraft:item/quartz.png",
        "height": 9,"ascent": 8,"chars": ["5"]
      },
      {
        "type": "bitmap",
        "file": "minecraft:item/prismarine_shard.png",
        "height": 9,"ascent": 8,"chars": ["6"]
      },
      {
        "type": "bitmap",
        "file": "minecraft:item/golden_carrot.png",
        "height": 9,"ascent": 8,"chars": ["7"]
      },
      {
        "type": "bitmap",
        "file": "minecraft:item/glowstone_dust.png",
        "height": 9,"ascent": 8,"chars": ["8"]
      },
      {
        "type": "bitmap",
        "file": "minecraft:item/redstone.png",
        "height": 9,"ascent": 8,"chars": ["9"]
      },
      {
        "type": "bitmap",
        "file": "minecraft:item/phantom_membrane.png",
        "height": 9,"ascent": 8,"chars": ["!"]
      },



      {
        "type": "bitmap",
        "file": "minecraft:item/nether_star.png",
        "height": 9,"ascent": 8,"chars": ["Z"]
      },
      {
        "type": "bitmap",
        "file": "minecraft:item/netherite_ingot.png",
        "height": 12,"ascent": 10,"chars": ["N"]
      },
      {
        "type": "bitmap",
        "file": "minecraft:block/barrel_side.png",
        "height": 9,"ascent": 8,"chars": ["L"]
      },
      {
        "type": "bitmap",
        "file": "side_quest:item/wither.png",
        "height": 9,"ascent": 8,"chars": ["W"]
      },
      {
        "type": "bitmap",
        "file": "minecraft:item/totem_of_undying.png",
        "height": 9,"ascent": 8,"chars": ["U"]
      },
      {
        "type": "bitmap",
        "file": "minecraft:item/echo_shard.png",
        "height": 9,"ascent": 8,"chars": ["I"]
      },
      {
        "type": "bitmap",
        "file": "minecraft:item/rabbit_foot.png",
        "height": 9,"ascent": 8,"chars": ["F"]
      },
      {
        "type": "bitmap",
        "file": "minecraft:item/dragon_breath.png",
        "height": 9,"ascent": 8,"chars": ["J"]
      },
      {
        "type": "bitmap",
        "file": "minecraft:item/enchanted_book.png",
        "height": 9,"ascent": 8,"chars": ["K"]
      },
      {
        "type": "bitmap",
        "file": "side_quest:item/smithing_template.png",
        "height": 9,"ascent": 8,"chars": ["M"]
      },
      {
        "type": "bitmap",
        "file": "side_quest:item/pottery_sherd.png",
        "height": 9,"ascent": 8,"chars": ["T"]
      },
      {
        "type": "bitmap",
        "file": "side_quest:item/banner_pattern.png",
        "height": 9,"ascent": 8,"chars": ["V"]
      }
    ]
  }
