{

    "parent": "item/generated",

    "textures": {

        "layer0": "item/cookie"

    },

    "overrides": [

        {"predicate":{"custom_model_data":2370001},"model": "item/garnished_hotdog"},
        {"predicate":{"custom_model_data":2370002},"model": "item/bacon_pizza"},
        {"predicate":{"custom_model_data":2370003},"model": "item/cheese_pizza"},
        {"predicate":{"custom_model_data":2370004},"model": "item/chicken_curry"},
        {"predicate":{"custom_model_data":2370005},"model": "item/chicken_pizza"},
        {"predicate":{"custom_model_data":2370006},"model": "item/chili_cheese_dog"},
        {"predicate":{"custom_model_data":2370007},"model": "item/cream_cheese"},
        {"predicate":{"custom_model_data":2370008},"model": "item/curry_and_rice"},
        {"predicate":{"custom_model_data":2370009},"model": "item/curry_powder"},
        {"predicate":{"custom_model_data":2370010},"model": "item/gochujang"},
        {"predicate":{"custom_model_data":2370011},"model": "item/ham"},
        {"predicate":{"custom_model_data":2370012},"model": "item/ham_pizza"},
        {"predicate":{"custom_model_data":2370013},"model": "item/ketchup"},
        {"predicate":{"custom_model_data":2370014},"model": "item/kimchi"},
        {"predicate":{"custom_model_data":2370015},"model": "item/korean_curry_rice"},
        {"predicate":{"custom_model_data":2370016},"model": "item/mushroom_pizza"},
        {"predicate":{"custom_model_data":2370017},"model": "item/mustard_sauce"},
        {"predicate":{"custom_model_data":2370018},"model": "item/olive_pizza"},
        {"predicate":{"custom_model_data":2370019},"model": "item/onion_pizza"},
        {"predicate":{"custom_model_data":2370020},"model": "item/pepper_pizza"},
        {"predicate":{"custom_model_data":2370021},"model": "item/pepperoni_pizza"},
        {"predicate":{"custom_model_data":2370022},"model": "item/ramen"},
        {"predicate":{"custom_model_data":2370023},"model": "item/sausage_pizza"},
        {"predicate":{"custom_model_data":2370024},"model": "item/shredded_cheese"},
        {"predicate":{"custom_model_data":2370025},"model": "item/spicy_ramen"},
        {"predicate":{"custom_model_data":2370026},"model": "item/spinach_pizza"},
        {"predicate":{"custom_model_data":2370027},"model": "item/steamed_eggs"},
        {"predicate":{"custom_model_data":2370028},"model": "item/bbq_wings"},
        {"predicate":{"custom_model_data":2370029},"model": "item/buffalo_wings"},
        {"predicate":{"custom_model_data":2370030},"model": "item/chicken_wings"},
        {"predicate":{"custom_model_data":2370031},"model": "item/curry_wings"},
        {"predicate":{"custom_model_data":2370032},"model": "item/honey_garlic_wings"},
        {"predicate":{"custom_model_data":2370033},"model": "item/hot_berry_wings"},
        {"predicate":{"custom_model_data":2370034},"model": "item/lemon_pepper_wings"},
        {"predicate":{"custom_model_data":2370035},"model": "item/spicy_korean_bbq_wings"},
        {"predicate":{"custom_model_data":2370036},"model": "item/sweet_chili_wings"},
        {"predicate":{"custom_model_data":2370037},"model": "item/teriyaki_wings"},
        {"predicate":{"custom_model_data":2370038},"model": "item/chicken_broth"},
        {"predicate":{"custom_model_data":2370039},"model": "item/glazed_donut"},
        {"predicate":{"custom_model_data":2370040},"model": "item/bagel"},
        {"predicate":{"custom_model_data":2370041},"model": "item/chocolate_donut"},
        {"predicate":{"custom_model_data":2370042},"model": "item/lemon_donut"},
        {"predicate":{"custom_model_data":2370043},"model": "item/jelly_donut"},
        {"predicate":{"custom_model_data":2370044},"model": "item/caramel_donut"},
        {"predicate":{"custom_model_data":2370045},"model": "item/chocolate"},
        {"predicate":{"custom_model_data":2370046},"model": "item/cheese"},
        {"predicate":{"custom_model_data":2370047},"model": "item/onion"},
        {"predicate":{"custom_model_data":2370048},"model": "item/tomato"},
        {"predicate":{"custom_model_data":2370049},"model": "item/lettuce"},
        {"predicate":{"custom_model_data":2370050},"model": "item/garlic"},
        {"predicate":{"custom_model_data":2370051},"model": "item/fried_egg"},
        {"predicate":{"custom_model_data":2370052},"model": "item/banana_bread"},
        {"predicate":{"custom_model_data":2370053},"model": "item/steamed_rice"},
        {"predicate":{"custom_model_data":2370054},"model": "item/banana"},
        {"predicate":{"custom_model_data":2370055},"model": "item/lemon"},
        {"predicate":{"custom_model_data":2370056},"model": "item/sausage"},
        {"predicate":{"custom_model_data":2370057},"model": "item/hamburger"},
        {"predicate":{"custom_model_data":2370058},"model": "item/cheeseburger"},
        {"predicate":{"custom_model_data":2370059},"model": "item/french_fries"},
        {"predicate":{"custom_model_data":2370060},"model": "item/onion_rings"},
        {"predicate":{"custom_model_data":2370061},"model": "item/interesting_dish"},
        {"predicate":{"custom_model_data":2370062},"model": "item/orange"},
        {"predicate":{"custom_model_data":2370063},"model": "item/hotdog"},
        {"predicate":{"custom_model_data":2370064},"model": "item/brownies"},
        {"predicate":{"custom_model_data":2370065},"model": "item/snickerdoodle"},
        {"predicate":{"custom_model_data":2370066},"model": "item/sweet_berry_cookie"},
        {"predicate":{"custom_model_data":2370067},"model": "item/honey_cookie"},
        {"predicate":{"custom_model_data":2370068},"model": "item/orange_bar"},
        {"predicate":{"custom_model_data":2370069},"model": "item/beef_stew"},
        {"predicate":{"custom_model_data":2370070},"model": "item/chicken_noodle_soup"},
        {"predicate":{"custom_model_data":2370071},"model": "item/pumpkin_soup"},
        {"predicate":{"custom_model_data":2370072},"model": "item/cod_stew"},
        {"predicate":{"custom_model_data":2370073},"model": "item/egg_noodle_soup"},
        {"predicate":{"custom_model_data":2370074},"model": "item/spaghetti_with_meatballs"},
        {"predicate":{"custom_model_data":2370075},"model": "item/roasted_mutton_chops"},
        {"predicate":{"custom_model_data":2370076},"model": "item/grilled_salmon"},
        {"predicate":{"custom_model_data":2370077},"model": "item/steak_and_potatoes"},
        {"predicate":{"custom_model_data":2370078},"model": "item/honey_glazed_ham"},
        {"predicate":{"custom_model_data":2370079},"model": "item/roast_chicken"},
        {"predicate":{"custom_model_data":2370080},"model": "item/ice_cream"},
        {"predicate":{"custom_model_data":2370081},"model": "item/vanilla_ice_cream"},
        {"predicate":{"custom_model_data":2370082},"model": "item/chocolate_ice_cream"},
        {"predicate":{"custom_model_data":2370083},"model": "item/sweet_berry_ice_cream"},
        {"predicate":{"custom_model_data":2370084},"model": "item/glow_berry_ice_cream"},
        {"predicate":{"custom_model_data":2370085},"model": "item/melon_ice_cream"},
        {"predicate":{"custom_model_data":2370086},"model": "item/apple_ice_cream"},
        {"predicate":{"custom_model_data":2370087},"model": "item/lemon_ice_cream"},
        {"predicate":{"custom_model_data":2370088},"model": "item/banana_ice_cream"},
        {"predicate":{"custom_model_data":2370089},"model": "item/orange_ice_cream"},
        {"predicate":{"custom_model_data":2370090},"model": "item/neapolitan_ice_cream"},
        {"predicate":{"custom_model_data":2370091},"model": "item/coffee_ice_cream"},
        {"predicate":{"custom_model_data":2370092},"model": "item/sushi"},
        {"predicate":{"custom_model_data":2370093},"model": "item/cod_roll"},
        {"predicate":{"custom_model_data":2370094},"model": "item/salmon_roll"},
        {"predicate":{"custom_model_data":2370095},"model": "item/tropical_fish_roll"},
        {"predicate":{"custom_model_data":2370096},"model": "item/triple_fish_roll"},
        {"predicate":{"custom_model_data":2370097},"model": "item/spicy_salmon_roll"},
        {"predicate":{"custom_model_data":2370098},"model": "item/vegetable_roll"},
        {"predicate":{"custom_model_data":2370099},"model": "item/c_roll"},
        {"predicate":{"custom_model_data":2370100},"model": "item/philly_roll"},
        {"predicate":{"custom_model_data":2370101},"model": "item/tropical_cream_roll"},
        {"predicate":{"custom_model_data":2370102},"model": "item/ham_roll"},
        {"predicate":{"custom_model_data":2370103},"model": "item/bread_slice"},
        {"predicate":{"custom_model_data":2370104},"model": "item/sandwich"},
        {"predicate":{"custom_model_data":2370105},"model": "item/ham_sandwich"},
        {"predicate":{"custom_model_data":2370106},"model": "item/vegetable_cheese_sandwich"},
        {"predicate":{"custom_model_data":2370107},"model": "item/egg_sandwich"},
        {"predicate":{"custom_model_data":2370108},"model": "item/chicken_sandwich"},
        {"predicate":{"custom_model_data":2370109},"model": "item/grilled_chicken_sandwich"},
        {"predicate":{"custom_model_data":2370110},"model": "item/vegetable_sandwich"},
        {"predicate":{"custom_model_data":2370111},"model": "item/cheese_steak_sandwich"},
        {"predicate":{"custom_model_data":2370112},"model": "item/pancake"},
        {"predicate":{"custom_model_data":2370113},"model": "item/sweet_berry_pancake"},
        {"predicate":{"custom_model_data":2370114},"model": "item/chocolate_pancake"},
        {"predicate":{"custom_model_data":2370115},"model": "item/bacon"},
        {"predicate":{"custom_model_data":2370116},"model": "item/cooked_bacon"},
        {"predicate":{"custom_model_data":2370117},"model": "item/cooked_sausage"},
        {"predicate":{"custom_model_data":2370118},"model": "item/bacon_and_eggs"},
        {"predicate":{"custom_model_data":2370119},"model": "item/scrambled_eggs"},
        {"predicate":{"custom_model_data":2370120},"model": "item/yogurt"},
        {"predicate":{"custom_model_data":2370121},"model": "item/sweet_berry_yogurt"},
        {"predicate":{"custom_model_data":2370122},"model": "item/orange_yogurt"},
        {"predicate":{"custom_model_data":2370123},"model": "item/lemon_yogurt"},
        {"predicate":{"custom_model_data":2370124},"model": "item/glow_berry_yogurt"},
        {"predicate":{"custom_model_data":2370125},"model": "item/hash_brown"},
        {"predicate":{"custom_model_data":2370126},"model": "item/normal_hamburger"},
        {"predicate":{"custom_model_data":2370127},"model": "item/normal_cheeseburger"},
        {"predicate":{"custom_model_data":2370128},"model": "item/bacon_hamburger"},
        {"predicate":{"custom_model_data":2370129},"model": "item/bacon_cheeseburger"},
        {"predicate":{"custom_model_data":2370130},"model": "item/mushroom_burger"},
        {"predicate":{"custom_model_data":2370131},"model": "item/texas_burger"},
        {"predicate":{"custom_model_data":2370132},"model": "item/double_hamburger"},
        {"predicate":{"custom_model_data":2370133},"model": "item/double_cheeseburger"},
        {"predicate":{"custom_model_data":2370134},"model": "item/blt"},
        {"predicate":{"custom_model_data":2370135},"model": "item/kimchi_cheese_sandwich"},
        {"predicate":{"custom_model_data":2370136},"model": "item/french_toast"},
        {"predicate":{"custom_model_data":2370137},"model": "item/waffle"},
        {"predicate":{"custom_model_data":2370138},"model": "item/omelette"},
        {"predicate":{"custom_model_data":2370139},"model": "item/onion_and_cheese_omelette"},
        {"predicate":{"custom_model_data":2370140},"model": "item/vegetable_omelette"},
        {"predicate":{"custom_model_data":2370141},"model": "item/steak_omelette"},
        {"predicate":{"custom_model_data":2370142},"model": "item/mushroom_omelette"},
        {"predicate":{"custom_model_data":2370143},"model": "item/bacon_and_sausage_omelette"},
        {"predicate":{"custom_model_data":2370144},"model": "item/boiled_egg"},
        {"predicate":{"custom_model_data":2370145},"model": "item/orange_donut"},
        {"predicate":{"custom_model_data":2370146},"model": "item/chorus_fruit_ice_cream"},
        {"predicate":{"custom_model_data":2370147},"model": "item/fried_rice"},
        {"predicate":{"custom_model_data":2370148},"model": "item/beans"},
        {"predicate":{"custom_model_data":2370149},"model": "item/dumplings"},
        {"predicate":{"custom_model_data":2370150},"model": "item/kimchi_stew"},
        {"predicate":{"custom_model_data":2370151},"model": "item/korean_seaweed_soup"},
        {"predicate":{"custom_model_data":2370152},"model": "item/tteokbokki"},
        {"predicate":{"custom_model_data":2370153},"model": "item/yukgaejang"},
        {"predicate":{"custom_model_data":2370154},"model": "item/bulgogi"},
        {"predicate":{"custom_model_data":2370155},"model": "item/maeuntang"},
        {"predicate":{"custom_model_data":2370156},"model": "item/spicy_stir_fried_pork"},
        {"predicate":{"custom_model_data":2370157},"model": "item/kimchi_jeon"},
        {"predicate":{"custom_model_data":2370158},"model": "item/hotteok"},
        {"predicate":{"custom_model_data":2370159},"model": "item/soft_tofu_stew"},
        {"predicate":{"custom_model_data":2370160},"model": "item/orange_chicken"},
        {"predicate":{"custom_model_data":2370161},"model": "item/kung_pao_chicken"},
        {"predicate":{"custom_model_data":2370162},"model": "item/mapo_tofu"},
        {"predicate":{"custom_model_data":2370163},"model": "item/sweet_and_sour_pork"},
        {"predicate":{"custom_model_data":2370164},"model": "item/egg_drop_soup"},
        {"predicate":{"custom_model_data":2370165},"model": "item/chow_mein"},
        {"predicate":{"custom_model_data":2370166},"model": "item/beef_with_mushrooms"},
        {"predicate":{"custom_model_data":2370167},"model": "item/egg_roll"},
        {"predicate":{"custom_model_data":2370168},"model": "item/general_tso_chicken"},
        {"predicate":{"custom_model_data":2370169},"model": "item/chicken_katsu"},
        {"predicate":{"custom_model_data":2370170},"model": "item/pork_katsu"},
        {"predicate":{"custom_model_data":2370171},"model": "item/chicken_teriyaki"},
        {"predicate":{"custom_model_data":2370172},"model": "item/miso_soup"},
        {"predicate":{"custom_model_data":2370173},"model": "item/shio_ramen"},
        {"predicate":{"custom_model_data":2370174},"model": "item/beef_curry"},
        {"predicate":{"custom_model_data":2370175},"model": "item/chicken_tikka_masala"},
        {"predicate":{"custom_model_data":2370176},"model": "item/mutton_masala"},
        {"predicate":{"custom_model_data":2370177},"model": "item/naan_bread"},
        {"predicate":{"custom_model_data":2370178},"model": "item/tandoori_wings"},
        {"predicate":{"custom_model_data":2370179},"model": "item/dosa"},
        {"predicate":{"custom_model_data":2370180},"model": "item/palak_paneer"},
        {"predicate":{"custom_model_data":2370181},"model": "item/shahi_paneer"},
        {"predicate":{"custom_model_data":2370182},"model": "item/amritsari_kulcha"},
        {"predicate":{"custom_model_data":2370183},"model": "item/chole_bhature"},
        {"predicate":{"custom_model_data":2370184},"model": "item/beef_pho"},
        {"predicate":{"custom_model_data":2370185},"model": "item/vegetable_pho"},
        {"predicate":{"custom_model_data":2370186},"model": "item/chicken_banh_mi"},
        {"predicate":{"custom_model_data":2370187},"model": "item/grilled_pork_banh_mi"},
        {"predicate":{"custom_model_data":2370188},"model": "item/spring_roll"},
        {"predicate":{"custom_model_data":2370189},"model": "item/pad_thai"},
        {"predicate":{"custom_model_data":2370190},"model": "item/red_curry"},
        {"predicate":{"custom_model_data":2370191},"model": "item/pad_see_ew"},
        {"predicate":{"custom_model_data":2370192},"model": "item/steamed_tofu"},
        {"predicate":{"custom_model_data":2370193},"model": "item/fortune_cookie"},
        {"predicate":{"custom_model_data":2370194},"model": "item/taiyaki"},
        {"predicate":{"custom_model_data":2370195},"model": "item/tortilla"},
        {"predicate":{"custom_model_data":2370196},"model": "item/taco"},
        {"predicate":{"custom_model_data":2370197},"model": "item/beef_taco"},
        {"predicate":{"custom_model_data":2370198},"model": "item/chicken_taco"},
        {"predicate":{"custom_model_data":2370199},"model": "item/pork_taco"},
        {"predicate":{"custom_model_data":2370200},"model": "item/vegetable_taco"},
        {"predicate":{"custom_model_data":2370201},"model": "item/carne_asada_taco"},
        {"predicate":{"custom_model_data":2370202},"model": "item/mighty_rabbit_taco"},
        {"predicate":{"custom_model_data":2370203},"model": "item/beefy_rice_taco"}
    ]

}