{
    "parent": "item/generated",
    "textures": {
        "layer0": "item/potion_overlay",
        "layer1": "item/potion"
    },

    "overrides": [

        {"predicate":{"custom_model_data":2337001},"model": "item/lemonade"},
        {"predicate":{"custom_model_data":2337002},"model": "item/orange_juice"},
        {"predicate":{"custom_model_data":2337003},"model": "item/sweet_berry_banana_smoothie"},
        {"predicate":{"custom_model_data":2337004},"model": "item/apple_juice"},
        {"predicate":{"custom_model_data":2337005},"model": "item/hot_chocolate"},
        {"predicate":{"custom_model_data":2337006},"model": "item/fruit_punch"},
        {"predicate":{"custom_model_data":2337007},"model": "item/coffee"},
        {"predicate":{"custom_model_data":2337008},"model": "item/melon_juice"},
        {"predicate":{"custom_model_data":2337009},"model": "item/glow_berry_delight"},
        {"predicate":{"custom_model_data":2337010},"model": "item/mocha"},
        {"predicate":{"custom_model_data":2337011},"model": "item/cappuccino"}

    ]
}
